{
  "timestamp": "2025-07-30T15:09:47.280Z",
  "analysis": {
    "totalSignals": 14,
    "totalRejections": 9999,
    "precisionMetrics": {
      "absorption": {
        "totalSignals": 14,
        "successful5min": 0,
        "successful15min": 1,
        "successful1hr": 3,
        "precision5min": 0,
        "precision15min": 0.07142857142857142,
        "precision1hr": 0.21428571428571427,
        "averagePrecision": 0.09523809523809523
      }
    },
    "parameterAnalysis": {
      "confidence": {
        "successful": [
          1.7200000000000002,
          1.94,
          2
        ],
        "failed": [
          1.7200000000000002,
          1.7799999999999998,
          1.7799999999999998,
          1.94,
          2,
          2.02,
          2.02,
          2.1,
          2.1,
          2.1,
          2.1
        ],
        "successfulStats": {
          "mean": 1.8866666666666667,
          "min": 1.7200000000000002,
          "max": 2,
          "median": 1.94,
          "count": 3
        },
        "failedStats": {
          "mean": 1.969090909090909,
          "min": 1.7200000000000002,
          "max": 2.1,
          "median": 2.02,
          "count": 11
        }
      },
      "institutionalRatio": {
        "successful": [
          0.68188339,
          0.70852499,
          0.76425151
        ],
        "failed": [
          0.60404147,
          0.60404147,
          0.61402443,
          0.61402443,
          0.65179702,
          0.65179702,
          0.68188339,
          0.70852499,
          0.73400759,
          0.73400759,
          0.76425151
        ],
        "successfulStats": {
          "mean": 0.7182199633333334,
          "min": 0.68188339,
          "max": 0.76425151,
          "median": 0.70852499,
          "count": 3
        },
        "failedStats": {
          "mean": 0.6693091736363637,
          "min": 0.60404147,
          "max": 0.76425151,
          "median": 0.65179702,
          "count": 11
        }
      },
      "priceEfficiency": {
        "successful": [
          485.7494924,
          553.36262602,
          616.62054505
        ],
        "failed": [
          108.89334348,
          108.89334348,
          465.08398958,
          465.08398958,
          485.7494924,
          512.15677166,
          512.15677166,
          553.36262602,
          616.62054505,
          861.59589313,
          861.59589313
        ],
        "successfulStats": {
          "mean": 551.9108878233334,
          "min": 485.7494924,
          "max": 616.62054505,
          "median": 553.36262602,
          "count": 3
        },
        "failedStats": {
          "mean": 504.65387810636366,
          "min": 108.89334348,
          "max": 861.59589313,
          "median": 512.15677166,
          "count": 11
        }
      }
    },
    "rejectionEffectiveness": {
      "absorption_insufficient_aggressive_volume": {
        "detector": "absorption",
        "reason": "insufficient_aggressive_volume",
        "total": 2200,
        "wouldHaveBeenValid": 203,
        "correctlyRejected": 1997,
        "rejectionEffectiveness": 0.9077272727272727,
        "falseRejectionRate": 0.09227272727272727
      },
      "exhaustion_trade_quantity_too_small": {
        "detector": "exhaustion",
        "reason": "trade_quantity_too_small",
        "total": 3304,
        "wouldHaveBeenValid": 202,
        "correctlyRejected": 3102,
        "rejectionEffectiveness": 0.9388619854721549,
        "falseRejectionRate": 0.061138014527845036
      },
      "deltacvd_detection_requirements_not_met": {
        "detector": "deltacvd",
        "reason": "detection_requirements_not_met",
        "total": 3333,
        "wouldHaveBeenValid": 203,
        "correctlyRejected": 3130,
        "rejectionEffectiveness": 0.9390939093909391,
        "falseRejectionRate": 0.06090609060906091
      },
      "absorption_passive_volume_ratio_too_low": {
        "detector": "absorption",
        "reason": "passive_volume_ratio_too_low",
        "total": 1133,
        "wouldHaveBeenValid": 0,
        "correctlyRejected": 1133,
        "rejectionEffectiveness": 1,
        "falseRejectionRate": 0
      },
      "exhaustion_exhaustion_conditions_not_met": {
        "detector": "exhaustion",
        "reason": "exhaustion_conditions_not_met",
        "total": 29,
        "wouldHaveBeenValid": 1,
        "correctlyRejected": 28,
        "rejectionEffectiveness": 0.9655172413793104,
        "falseRejectionRate": 0.034482758620689655
      }
    },
    "recommendations": {
      "absorptionDetector": {
        "minConfidence": 2,
        "minInstitutionalVolumeRatio": 0.65,
        "minAggVolume": 2000
      },
      "exhaustionDetector": {},
      "deltacvdDetector": {},
      "globalFilters": {
        "minPriceEfficiency": 441.5287102586667,
        "eventCooldownMs": 30000,
        "minQualityGrade": "premium"
      }
    }
  },
  "improvements": {
    "current": {
      "totalSignals": 14,
      "successfulSignals": 3,
      "precision": 0.21428571428571427
    },
    "projected": {
      "totalSignals": 5,
      "successfulSignals": 3,
      "precision": 0.6
    },
    "improvements": {
      "precisionGain": 0.3857142857142857,
      "noiseReduction": 0.3857142857142857,
      "signalToNoiseRatio": 1.4999999999999998
    }
  },
  "configRecommendations": {
    "// PRECISION-FOCUSED OPTIMIZATION": "Quality over quantity - fewer, higher-precision signals",
    "// NOISE REDUCTION STRATEGY": "Aggressive filtering to minimize false positives",
    "absorption": {
      "// CONFIDENCE THRESHOLDS": "Higher confidence requirements for signal quality",
      "minAggVolume": 2000,
      "absorptionThreshold": 0.65,
      "minPassiveMultiplier": 1.8,
      "// INSTITUTIONAL VOLUME FILTERING": "Focus on institutional-grade volume",
      "institutionalVolumeRatioThreshold": 0.65,
      "enableInstitutionalVolumeFilter": true,
      "// SIGNAL SPACING AND QUALITY": "Prevent signal spam and improve quality",
      "eventCooldownMs": 30000,
      "priceEfficiencyThreshold": 441.5287102586667,
      "// ZONE CONFIGURATION": "Tighter zones for precision",
      "zoneTicks": 3,
      "windowMs": 60000
    },
    "exhaustion": {
      "// VOLUME REQUIREMENTS": "Higher volume thresholds for signal quality",
      "minAggVolume": 80,
      "exhaustionThreshold": 0.75,
      "// QUALITY FILTERING": "Premium signals only",
      "premiumConfidenceThreshold": 0.8,
      "minEnhancedConfidenceThreshold": 0.7,
      "// DEPLETION ANALYSIS": "Enhanced depletion detection",
      "enableDepletionAnalysis": true,
      "depletionRatioThreshold": 0.75,
      "depletionVolumeThreshold": 0.8
    },
    "deltacvd": {
      "// CONFIDENCE REQUIREMENTS": "Higher confidence for CVD signals",
      "baseConfidenceRequired": 0.4,
      "finalConfidenceRequired": 0.7,
      "// DETECTION MODE": "Momentum focus for precision",
      "detectionMode": "momentum",
      "usePassiveVolume": true,
      "enableDepthAnalysis": false
    },
    "// GLOBAL QUALITY FILTERS": {
      "minQualityGrade": "premium",
      "maxSignalsPerHour": 6,
      "requireConfluenceValidation": true,
      "enableAdaptiveThresholds": false
    }
  }
}