{
    "timestamp": "2025-08-07T07:28:28.532785",
    "swing_threshold": 0.007,
    "analysis": {
        "deltacvd": {
            "total_signals": 605326,
            "successful_count": 9,
            "unsuccessful_count": 605317,
            "success_rate": 0.0014868021528895174,
            "parameters": {
                "eventCooldownMs": {
                    "successful_mean": 0.0,
                    "unsuccessful_mean": 1753837731612.4119,
                    "successful_median": 0.0,
                    "unsuccessful_median": 1754396228539.0,
                    "successful_std": 0.0,
                    "unsuccessful_std": 31402839856.469402,
                    "difference": -1753837731612.4119,
                    "pct_difference": -100.0,
                    "p_value": 0.0,
                    "is_significant": true
                }
            }
        },
        "exhaustion": {
            "total_signals": 500825,
            "successful_count": 640,
            "unsuccessful_count": 500185,
            "success_rate": 0.12778914790595516,
            "parameters": {
                "minAggVolume": {
                    "successful_mean": 28112.392318749997,
                    "unsuccessful_mean": 4066.438532047142,
                    "successful_median": 27172.4805,
                    "unsuccessful_median": 2295.972,
                    "successful_std": 5590.070592466325,
                    "unsuccessful_std": 6171.762543541972,
                    "difference": 24045.953786702856,
                    "pct_difference": 591.327118243628,
                    "p_value": 0.0,
                    "is_significant": true
                },
                "eventCooldownMs": {
                    "successful_mean": 0.034375,
                    "unsuccessful_mean": 555245634378.9767,
                    "successful_median": 0.0,
                    "unsuccessful_median": 1033183.0,
                    "successful_std": 0.18233295139474723,
                    "unsuccessful_std": 815982031789.7961,
                    "difference": -555245634378.9423,
                    "pct_difference": -99.9999999999938,
                    "p_value": 2.160937127207483e-66,
                    "is_significant": true
                }
            }
        }
    },
    "recommendations": {
        "deltacvd": {
            "eventCooldownMs": {
                "current_typical": 1753837731612.4119,
                "recommended": 0.0,
                "change_required": -100.0,
                "confidence": 1.0
            }
        },
        "exhaustion": {
            "minAggVolume": {
                "current_typical": 4066.438532047142,
                "recommended": 28112.392318749997,
                "change_required": 591.327118243628,
                "confidence": 1.0
            },
            "eventCooldownMs": {
                "current_typical": 555245634378.9767,
                "recommended": 0.034375,
                "change_required": -99.9999999999938,
                "confidence": 1.0
            }
        }
    },
    "swings_detected": 9,
    "signals_analyzed": 1618939
}
